-- =====================================================================
-- 006 — SEED (⚠ DESTRUCTIVE — DEV-ONLY)
-- =====================================================================
-- Auto-generated by scripts/generate-supabase-seed.ts from lib/mock-data.ts.
-- Do not edit by hand; re-run the generator instead.
--
-- ⚠ THIS FILE STARTS WITH `TRUNCATE … CASCADE`. Running it against a
-- database with real user data will WIPE every row in services,
-- providers, provider_edits, appointments, tenders, tender_bids, reviews.
-- Intended for fresh local installs only. Production should never
-- execute this file.
-- =====================================================================

begin;

-- Wipe existing rows so re-running this seed is idempotent.
truncate table tender_bids, tenders, reviews, appointments, provider_edits, providers, services restart identity cascade;

-- services -----------------------------------------------------------
insert into services (id, name, category, duration_min, price) values
('s1', '{"az":"Klassik saç kəsimi","ru":"Классическая стрижка"}'::jsonb, 'haircut', 45, 25),
('s2', '{"az":"Modern fade kəsim","ru":"Современная стрижка фейд"}'::jsonb, 'haircut', 60, 35),
('s3', '{"az":"Uşaq saç kəsimi","ru":"Детская стрижка"}'::jsonb, 'haircut', 30, 18),
('s4', '{"az":"Saqqal düzəltmə","ru":"Коррекция бороды"}'::jsonb, 'beard', 25, 15),
('s5', '{"az":"Premium saqqal forması","ru":"Премиум моделирование бороды"}'::jsonb, 'beard', 40, 28),
('s6', '{"az":"Tam saç boyama","ru":"Полное окрашивание волос"}'::jsonb, 'coloring', 120, 90),
('s7', '{"az":"Melir və balayaj","ru":"Мелирование и балаяж"}'::jsonb, 'coloring', 150, 120),
('s8', '{"az":"Fön və stayl","ru":"Сушка феном и укладка"}'::jsonb, 'styling', 45, 30),
('s9', '{"az":"Toy saç düzümü","ru":"Свадебная причёска"}'::jsonb, 'styling', 90, 75),
('s10', '{"az":"Keratin düzləşdirmə","ru":"Кератиновое выпрямление"}'::jsonb, 'styling', 180, 180),
('s11', '{"az":"Toy çəkilişi (8 saat)","ru":"Свадебная съёмка (8 часов)"}'::jsonb, 'shoot', 480, 800),
('s12', '{"az":"Lovestory çəkiliş","ru":"Lovestory-съёмка"}'::jsonb, 'shoot', 180, 220),
('s13', '{"az":"Ailə çəkilişi","ru":"Семейная съёмка"}'::jsonb, 'shoot', 90, 150),
('s14', '{"az":"DJ-set (4 saat)","ru":"DJ-сет (4 часа)"}'::jsonb, 'djset', 240, 400),
('s15', '{"az":"Korporativ DJ-set","ru":"Корпоративный DJ-сет"}'::jsonb, 'djset', 300, 550),
('s16', '{"az":"Toy banketi (şəxs üçün)","ru":"Свадебный банкет (на персону)"}'::jsonb, 'banquet', 360, 75),
('s17', '{"az":"Premium banket menyu","ru":"Премиум банкетное меню"}'::jsonb, 'banquet', 360, 120),
('s18', '{"az":"Toy aparıcısı (axşam)","ru":"Ведущий свадьбы (вечер)"}'::jsonb, 'host', 360, 500);

-- providers ----------------------------------------------------------
insert into providers (
    id, slug, name, bio, rating, reviews_count, specialties, price_range,
    service_ids, working_hours, breaks, city, kind, tier,
    price_unit, response_mins, experience_years, district, gallery, avatar, verified
  ) values
('u1', 'elvin-memmedov', 'Elvin Məmmədov', '{"az":"10 ildən artıq təcrübəli kişi ustası. Klassik və müasir kəsimlərdə ixtisaslaşıb.","ru":"Мужской мастер с опытом более 10 лет. Специализируется на классических и современных стрижках."}'::jsonb, 4.9, 234, '{"haircut","beard"}', 'medium', '{"s1","s2","s4","s5"}', '{"start":"09:00","end":"19:00"}'::jsonb, '[{"start":"13:00","end":"14:00"}]'::jsonb, '{"az":"Bakı","ru":"Баку"}'::jsonb, 'barber', 'beauty', '{"az":"vizit","ru":"визит"}'::jsonb, 8, 10, '{"az":"Bakı, Nəsimi","ru":"Баку, Насими"}'::jsonb, '{"https://picsum.photos/seed/elvin1/600/450","https://picsum.photos/seed/elvin2/600/450","https://picsum.photos/seed/elvin3/600/450","https://picsum.photos/seed/elvin4/600/450"}', null, true),
('u2', 'aysel-huseynova', 'Aysel Hüseynova', '{"az":"Boyama və balayaj üzrə sertifikatlı master. Avropa məktəbinin məzunu.","ru":"Сертифицированный мастер по окрашиванию и балаяжу. Выпускница европейской школы."}'::jsonb, 5, 412, '{"coloring","styling"}', 'high', '{"s6","s7","s8","s9","s10"}', '{"start":"10:00","end":"20:00"}'::jsonb, '[{"start":"14:00","end":"15:00"}]'::jsonb, '{"az":"Bakı","ru":"Баку"}'::jsonb, 'salon', 'beauty', '{"az":"vizit","ru":"визит"}'::jsonb, 12, 9, '{"az":"Bakı, Yasamal","ru":"Баку, Ясамал"}'::jsonb, '{"https://picsum.photos/seed/ayselh1/600/450","https://picsum.photos/seed/ayselh2/600/450","https://picsum.photos/seed/ayselh3/600/450","https://picsum.photos/seed/ayselh4/600/450","https://picsum.photos/seed/ayselh5/600/450"}', null, true),
('u3', 'resad-quliyev', 'Rəşad Quliyev', '{"az":"Barber-shop sahibi. Saqqal forması və klassik briç ustası.","ru":"Владелец барбершопа. Мастер по моделированию бороды и классическим стрижкам."}'::jsonb, 4.8, 187, '{"beard","haircut"}', 'medium', '{"s1","s2","s3","s4","s5"}', '{"start":"10:00","end":"21:00"}'::jsonb, '[{"start":"15:00","end":"16:00"}]'::jsonb, '{"az":"Bakı","ru":"Баку"}'::jsonb, 'barber', 'beauty', '{"az":"vizit","ru":"визит"}'::jsonb, 6, 12, '{"az":"Bakı, Sahil","ru":"Баку, Сахиль"}'::jsonb, '{}', null, false),
('u4', 'lale-eliyeva', 'Lalə Əliyeva', '{"az":"Toy və xüsusi günlər üçün saç düzümü mütəxəssisi. Səbirli və diqqətli.","ru":"Специалист по причёскам для свадеб и особых случаев. Терпеливая и внимательная."}'::jsonb, 4.7, 156, '{"styling","coloring"}', 'high', '{"s6","s8","s9"}', '{"start":"09:00","end":"18:00"}'::jsonb, '[{"start":"13:00","end":"14:00"}]'::jsonb, '{"az":"Gəncə","ru":"Гянджа"}'::jsonb, 'makeup', 'beauty', '{"az":"vizit","ru":"визит"}'::jsonb, 18, 6, '{"az":"Gəncə, mərkəz","ru":"Гянджа, центр"}'::jsonb, '{}', null, false),
('u5', 'tural-bayramov', 'Tural Bayramov', '{"az":"Sürətli, sərfəli və keyfiyyətli xidmət. Uşaq kəsimlərində yaxşı.","ru":"Быстрое, доступное и качественное обслуживание. Хорош в детских стрижках."}'::jsonb, 4.5, 98, '{"haircut","beard"}', 'low', '{"s1","s3","s4"}', '{"start":"08:00","end":"17:00"}'::jsonb, '[{"start":"12:00","end":"13:00"}]'::jsonb, '{"az":"Sumqayıt","ru":"Сумгаит"}'::jsonb, 'barber', 'beauty', '{"az":"vizit","ru":"визит"}'::jsonb, 10, 4, '{"az":"Sumqayıt, 8-ci mikrorayon","ru":"Сумгаит, 8-й микрорайон"}'::jsonb, '{}', null, false),
('u6', 'nigar-rehimova', 'Nigar Rəhimova', '{"az":"Keratin və düzləşdirmə prosedurları üzrə peşəkar. Yumşaq və təbii nəticə.","ru":"Профессионал по кератину и процедурам выпрямления. Мягкий и естественный результат."}'::jsonb, 4.9, 301, '{"styling","coloring"}', 'high', '{"s7","s8","s10"}', '{"start":"11:00","end":"20:00"}'::jsonb, '[{"start":"15:00","end":"16:00"}]'::jsonb, '{"az":"Bakı","ru":"Баку"}'::jsonb, 'salon', 'beauty', '{"az":"vizit","ru":"визит"}'::jsonb, 14, 11, '{"az":"Bakı, Nərimanov","ru":"Баку, Нариманов"}'::jsonb, '{}', null, true),
('u7', 'cavid-ismayilov', 'Cavid İsmayılov', '{"az":"Müasir trendləri izləyən gənc barber. Fade və texturalı kəsimlərdə güclü.","ru":"Молодой барбер, следящий за современными трендами. Силён в фейдах и текстурных стрижках."}'::jsonb, 4.6, 142, '{"haircut"}', 'medium', '{"s1","s2","s3"}', '{"start":"10:00","end":"19:00"}'::jsonb, '[{"start":"14:00","end":"15:00"}]'::jsonb, '{"az":"Bakı","ru":"Баку"}'::jsonb, 'barber', 'beauty', '{"az":"vizit","ru":"визит"}'::jsonb, 9, 5, '{"az":"Bakı, Xətai","ru":"Баку, Хатаи"}'::jsonb, '{}', null, false),
('u8', 'sebine-kerimova', 'Səbinə Kərimova', '{"az":"Boyama studiyasının baş ustası. Rəng nəzəriyyəsində dərin biliklər.","ru":"Главный мастер студии окрашивания. Глубокие знания в теории цвета."}'::jsonb, 4.8, 268, '{"coloring","styling"}', 'medium', '{"s6","s7","s8"}', '{"start":"09:00","end":"18:00"}'::jsonb, '[{"start":"13:00","end":"14:00"}]'::jsonb, '{"az":"Gəncə","ru":"Гянджа"}'::jsonb, 'makeup', 'beauty', '{"az":"vizit","ru":"визит"}'::jsonb, 15, 8, '{"az":"Gəncə, Heydər Əliyev pr.","ru":"Гянджа, пр. Гейдара Алиева"}'::jsonb, '{}', null, false),
('u9', 'aysel-kerimova', 'Aysel Kərimova', '{"az":"Toy və lovestory çəkilişlərində ixtisaslaşmış fotoqraf. 7 il təcrübə.","ru":"Фотограф, специализирующийся на свадебных и lovestory-съёмках. 7 лет опыта."}'::jsonb, 4.9, 184, '{"shoot"}', 'high', '{"s11","s12","s13"}', '{"start":"09:00","end":"20:00"}'::jsonb, '[]'::jsonb, '{"az":"Bakı","ru":"Баку"}'::jsonb, 'photographer', 'event', '{"az":"saat","ru":"час"}'::jsonb, 11, 7, '{"az":"Bakı, Nəsimi","ru":"Баку, Насими"}'::jsonb, '{"https://picsum.photos/seed/aysel1/600/450","https://picsum.photos/seed/aysel2/600/450","https://picsum.photos/seed/aysel3/600/450","https://picsum.photos/seed/aysel4/600/450","https://picsum.photos/seed/aysel5/600/450"}', null, true),
('u10', 'rauf-veliyev', 'Rauf Vəliyev', '{"az":"Toy aparıcısı. Azərbaycan və rus dillərində aparır. 8 il təcrübə.","ru":"Ведущий свадеб. Ведёт на азербайджанском и русском. 8 лет опыта."}'::jsonb, 4.8, 156, '{"host"}', 'high', '{"s18"}', '{"start":"16:00","end":"23:30"}'::jsonb, '[]'::jsonb, '{"az":"Bakı","ru":"Баку"}'::jsonb, 'host', 'event', '{"az":"axşam","ru":"вечер"}'::jsonb, 22, 8, '{"az":"Bakı, Nərimanov","ru":"Баку, Нариманов"}'::jsonb, '{"https://picsum.photos/seed/rauf1/600/450","https://picsum.photos/seed/rauf2/600/450","https://picsum.photos/seed/rauf3/600/450","https://picsum.photos/seed/rauf4/600/450"}', null, false),
('u11', 'dj-nihad', 'DJ Nihad', '{"az":"Toy və korporativ tədbirlər üçün DJ. House, deep, milli mahnılar.","ru":"DJ для свадеб и корпоративов. House, deep, национальные миксы."}'::jsonb, 4.9, 221, '{"djset"}', 'medium', '{"s14","s15"}', '{"start":"18:00","end":"03:00"}'::jsonb, '[]'::jsonb, '{"az":"Bakı","ru":"Баку"}'::jsonb, 'dj', 'event', '{"az":"set","ru":"сет"}'::jsonb, 7, 9, '{"az":"Bakı, Yasamal","ru":"Баку, Ясамал"}'::jsonb, '{"https://picsum.photos/seed/djnihad1/600/450","https://picsum.photos/seed/djnihad2/600/450","https://picsum.photos/seed/djnihad3/600/450","https://picsum.photos/seed/djnihad4/600/450"}', null, true),
('u12', 'restoran-cinar', 'Restoran Çinar', '{"az":"Banket zalı. 250 qonağa qədər. Milli və Avropa mətbəxi.","ru":"Банкетный зал. До 250 гостей. Национальная и европейская кухня."}'::jsonb, 4.7, 312, '{"banquet"}', 'high', '{"s16","s17"}', '{"start":"12:00","end":"00:00"}'::jsonb, '[]'::jsonb, '{"az":"Bakı","ru":"Баку"}'::jsonb, 'restaurant', 'event', '{"az":"şəxs","ru":"персона"}'::jsonb, 25, 12, '{"az":"Bakı, Sahil","ru":"Баку, Сахиль"}'::jsonb, '{"https://picsum.photos/seed/cinar1/600/450","https://picsum.photos/seed/cinar2/600/450","https://picsum.photos/seed/cinar3/600/450","https://picsum.photos/seed/cinar4/600/450","https://picsum.photos/seed/cinar5/600/450"}', null, true),
('u13', 'senan-quliyev', 'Sənan Quliyev', '{"az":"Event və ailə çəkilişləri. Reportaj fotoqrafı.","ru":"Event и семейные съёмки. Репортажный фотограф."}'::jsonb, 4.6, 98, '{"shoot"}', 'medium', '{"s12","s13"}', '{"start":"10:00","end":"21:00"}'::jsonb, '[]'::jsonb, '{"az":"Bakı","ru":"Баку"}'::jsonb, 'photographer', 'event', '{"az":"saat","ru":"час"}'::jsonb, 13, 5, '{"az":"Bakı, Xətai","ru":"Баку, Хатаи"}'::jsonb, '{"https://picsum.photos/seed/senan1/600/450","https://picsum.photos/seed/senan2/600/450","https://picsum.photos/seed/senan3/600/450","https://picsum.photos/seed/senan4/600/450"}', null, false),
('u14', 'dj-aytac', 'DJ Aytac', '{"az":"Private və korporativ tədbirlər. Deep, techno və retro setlər.","ru":"Private и корпоративные мероприятия. Deep, techno и retro-сеты."}'::jsonb, 4.7, 134, '{"djset"}', 'medium', '{"s14","s15"}', '{"start":"19:00","end":"04:00"}'::jsonb, '[]'::jsonb, '{"az":"Bakı","ru":"Баку"}'::jsonb, 'dj', 'event', '{"az":"set","ru":"сет"}'::jsonb, 16, 6, '{"az":"Bakı, Nəsimi","ru":"Баку, Насими"}'::jsonb, '{"https://picsum.photos/seed/aytac1/600/450","https://picsum.photos/seed/aytac2/600/450","https://picsum.photos/seed/aytac3/600/450","https://picsum.photos/seed/aytac4/600/450"}', null, false),
('u15', 'restoran-sirvansah', 'Restoran Şirvanşah', '{"az":"Premium banket zalı. 400 qonağa qədər. VIP xidmət.","ru":"Премиум банкетный зал. До 400 гостей. VIP-обслуживание."}'::jsonb, 4.9, 489, '{"banquet"}', 'high', '{"s16","s17"}', '{"start":"12:00","end":"01:00"}'::jsonb, '[]'::jsonb, '{"az":"Bakı","ru":"Баку"}'::jsonb, 'restaurant', 'event', '{"az":"şəxs","ru":"персона"}'::jsonb, 30, 18, '{"az":"Bakı, Nəsimi","ru":"Баку, Насими"}'::jsonb, '{"https://picsum.photos/seed/sirvan1/600/450","https://picsum.photos/seed/sirvan2/600/450","https://picsum.photos/seed/sirvan3/600/450","https://picsum.photos/seed/sirvan4/600/450","https://picsum.photos/seed/sirvan5/600/450","https://picsum.photos/seed/sirvan6/600/450"}', null, true),
('u16', 'rauf-aslanov', 'Rauf Aslanov', '{"az":"Toy və korporativ tədbirlərin aparıcısı. Yumoristik üslub.","ru":"Ведущий свадеб и корпоративов. Юмористичный стиль."}'::jsonb, 4.7, 117, '{"host"}', 'medium', '{"s18"}', '{"start":"16:00","end":"23:30"}'::jsonb, '[]'::jsonb, '{"az":"Bakı","ru":"Баку"}'::jsonb, 'host', 'event', '{"az":"axşam","ru":"вечер"}'::jsonb, 19, 7, '{"az":"Bakı, Yasamal","ru":"Баку, Ясамал"}'::jsonb, '{"https://picsum.photos/seed/raufa1/600/450","https://picsum.photos/seed/raufa2/600/450","https://picsum.photos/seed/raufa3/600/450","https://picsum.photos/seed/raufa4/600/450"}', null, false);

-- appointments -------------------------------------------------------
insert into appointments (id, stylist_id, client_name, service_id, date, "time", status) values
('a1', 'u1', 'Orxan Hüseynov', 's1', '2026-05-13', '10:30', 'upcoming'),
('a2', 'u1', 'Vüsal Əhmədov', 's4', '2026-05-13', '15:00', 'upcoming'),
('a3', 'u2', 'Günel Səfərova', 's7', '2026-05-14', '11:00', 'upcoming'),
('a4', 'u3', 'Kamran Qədimov', 's2', '2026-05-15', '16:30', 'upcoming'),
('a5', 'u9', 'Aynur Mehdiyeva', 's11', '2026-05-16', '09:30', 'upcoming'),
('a6', 'u12', 'Leyla Abbasova', 's16', '2026-05-18', '18:00', 'upcoming'),
('a7', 'u1', 'Rəvan Nəbiyev', 's2', '2026-05-10', '11:00', 'completed'),
('a8', 'u2', 'Mələk Əliyeva', 's8', '2026-05-08', '14:00', 'completed'),
('a9', 'u5', 'Elçin Məhərrəmov', 's1', '2026-05-06', '10:00', 'completed'),
('a10', 'u8', 'Türkan Həsənova', 's6', '2026-05-11', '13:30', 'completed');

-- tenders -----------------------------------------------------------
insert into tenders (
    id, tier, kind, title, description, budget_min, budget_max,
    deadline, opened_at, tags, author_name, district
  ) values
('t1', 'event', 'photographer', '{"az":"Toy üçün fotoqraf lazımdır — 15 may, büdcə 2 000 ₼","ru":"Нужен фотограф на свадьбу — 15 мая, бюджет 2 000 ₼"}'::jsonb, '{"az":"Mərasim saat 16:00, banket Şirvanşahda. Tam günlük çəkiliş + 80 emal olunmuş kadr. Second-shooter opsionaldır. İstilik və təbii rənglər istərdik.","ru":"Церемония в 16:00, банкет в «Şirvanşah». Полный день съёмки + 80 обработанных кадров. Second-shooter опционально. Хочется тёплую и естественную обработку."}'::jsonb, 1700, 2000, '2026-05-15', '2026-05-02', '[{"az":"Toy","ru":"Свадьба"},{"az":"8 saat","ru":"8 часов"},{"az":"Səfər","ru":"Выезд"},{"az":"İstilik emalı","ru":"Тёплая обработка"}]'::jsonb, 'Aytən S.', '{"az":"Bakı, Sahil","ru":"Баку, Сахиль"}'::jsonb),
('t2', 'event', 'dj', '{"az":"Korporativ tədbir üçün DJ — 4 saatlıq set","ru":"DJ на корпоратив — 4-часовой сет"}'::jsonb, '{"az":"Şirkət 5 illiyi. 80 nəfər. House və retro qarışıq. Aparatura yerdədir.","ru":"Юбилей компании 5 лет. 80 человек. House и ретро вперемешку. Аппаратура на месте."}'::jsonb, 600, 900, '2026-05-20', '2026-05-02', '[{"az":"Korporativ","ru":"Корпоратив"},{"az":"4 saat","ru":"4 часа"},{"az":"House","ru":"House"},{"az":"Retro","ru":"Ретро"}]'::jsonb, 'Murad H.', '{"az":"Bakı, Yasamal","ru":"Баку, Ясамал"}'::jsonb),
('t3', 'event', 'restaurant', '{"az":"80 nəfərlik ad günü üçün restoran","ru":"Ресторан для дня рождения на 80 гостей"}'::jsonb, '{"az":"30 may, şənbə axşamı. Milli və Avropa mətbəxinin qarışığı. Səhnə və DJ üçün yer olsun.","ru":"30 мая, субботний вечер. Микс национальной и европейской кухни. Желательно сцена и место под DJ."}'::jsonb, 2500, 3500, '2026-05-30', '2026-05-01', '[{"az":"Ad günü","ru":"День рождения"},{"az":"80 qonaq","ru":"80 гостей"},{"az":"Səhnə","ru":"Сцена"}]'::jsonb, 'Leyla M.', '{"az":"Bakı, Nəsimi","ru":"Баку, Насими"}'::jsonb),
('t4', 'beauty', 'barber', '{"az":"Evdə barber — təcili","ru":"Барбер на дом — срочно"}'::jsonb, '{"az":"Sabah səhər saç + saqqal. Yasamal, Ə. Abbaszadə. Öz aparatım yoxdur.","ru":"Завтра утром стрижка + борода. Ясамал, ул. Абасзаде. Своего инструмента нет."}'::jsonb, 30, 50, '2026-05-03', '2026-05-02', '[{"az":"Səfər","ru":"Выезд"},{"az":"Saç + saqqal","ru":"Стрижка + борода"},{"az":"Təcili","ru":"Срочно"}]'::jsonb, 'Ələkbər N.', '{"az":"Bakı, Yasamal","ru":"Баку, Ясамал"}'::jsonb),
('t5', 'beauty', 'makeup', '{"az":"Toy səhəri üçün vizajist","ru":"Визажист на свадебное утро"}'::jsonb, '{"az":"Gəlin + 2 qonaq. 18 may, səhər saat 08:00-dan. Təbii makiyaj.","ru":"Невеста + 2 гостьи. 18 мая, начало в 08:00. Натуральный макияж."}'::jsonb, 200, 400, '2026-05-18', '2026-05-02', '[{"az":"Toy","ru":"Свадьба"},{"az":"Gəlin makiyajı","ru":"Свадебный макияж"},{"az":"Səfər","ru":"Выезд"}]'::jsonb, 'Nigar A.', '{"az":"Bakı, Nərimanov","ru":"Баку, Нариманов"}'::jsonb);

-- tender_bids -------------------------------------------------------
insert into tender_bids (id, tender_id, provider_id, provider_name, price, note, badges, rating) values
('t1b1', 't1', 'u9', 'Aysel Kərimova', 1800, '{"az":"15 maya hazıram. Second-shooter daxildir, 100 kadr.","ru":"Готова к 15 мая. Включён second-shooter, 100 кадров."}'::jsonb, '{"verified","rating"}', 4.9),
('t1b2', 't1', 'u16', 'Rauf Aslanov', 1950, '{"az":"8 saat + dron + 120 foto. Sabah görüşə hazıram.","ru":"8 часов + дрон + 120 фото. Готов встретиться завтра."}'::jsonb, '{"rating","fastResponse"}', 4.7),
('t1b3', 't1', 'u13', 'Sənan Quliyev', 2100, '{"az":"Tam gün, second-shooter, hədiyyə mini-albom.","ru":"Полный день, second-shooter, мини-альбом в подарок."}'::jsonb, '{"rating","topEvent"}', 4.95),
('t2b1', 't2', 'u11', 'DJ Nihad', 750, '{"az":"Hazıram. Mikrofon və işıq da gətirə bilərəm.","ru":"Готов. Могу привезти микрофон и свет."}'::jsonb, '{"verified","rating"}', 4.9),
('t2b2', 't2', 'u14', 'DJ Aytac', 680, '{"az":"Retro-set ixtisasım. 4 saat + bonus 30 dəq.","ru":"Ретро-сет — моя специализация. 4 часа + бонус 30 мин."}'::jsonb, '{"rating","fastResponse"}', 4.7),
('t3b1', 't3', 'u15', 'Restoran Şirvanşah', 3200, '{"az":"30 may boşdur. VIP zal + səhnə + işıq daxildir.","ru":"30 мая свободно. VIP-зал + сцена + свет включены."}'::jsonb, '{"verified","topEvent","rating"}', 4.9),
('t4b1', 't4', 'u1', 'Elvin Məmmədov', 45, '{"az":"Sabah 09:00-da gələ bilərəm.","ru":"Могу подъехать завтра к 09:00."}'::jsonb, '{"verified","rating"}', 4.9),
('t4b2', 't4', 'u3', 'Rəşad Quliyev', 40, '{"az":"Sabah 10:30 boşdur. Tam dəstlə gələcəyəm.","ru":"Завтра 10:30 свободно. Приеду с полным набором."}'::jsonb, '{"rating","fastResponse"}', 4.8),
('t4b3', 't4', 'u7', 'Cavid İsmayılov', 35, '{"az":"Fade və saqqal — mənim profilim. Sabah 11:00.","ru":"Фейд и борода — мой профиль. Завтра 11:00."}'::jsonb, '{"rating"}', 4.6),
('t4b4', 't4', 'u5', 'Tural Bayramov', 30, '{"az":"Səhər 08:30-da hazıram. Sərfəli qiymət.","ru":"Готов к 08:30 утра. Бюджетная цена."}'::jsonb, '{"fastResponse"}', 4.5),
('t5b1', 't5', 'u4', 'Lalə Əliyeva', 320, '{"az":"Gəlin + 2 qonaq, 3 saat. Saç düzümü də əlavə oluna bilər.","ru":"Невеста + 2 гостьи, 3 часа. Могу добавить причёску."}'::jsonb, '{"rating","fastResponse"}', 4.7),
('t5b2', 't5', 'u8', 'Səbinə Kərimova', 280, '{"az":"Təbii və davamlı makiyaj — mənim profilim.","ru":"Натуральный и стойкий макияж — мой профиль."}'::jsonb, '{"verified","rating"}', 4.8);

commit;
